{"stats":{"minecraft:broken":{"minecraft:wooden_axe":1},"minecraft:used":{"minecraft:tuff_bricks":5,"minecraft:water_bucket":7,"minecraft:stripped_acacia_log":1,"minecraft:waxed_oxidized_copper_trapdoor":1,"minecraft:waxed_copper_block":1,"minecraft:trial_key":5,"minecraft:cooked_chicken":2,"minecraft:rotten_flesh":2,"minecraft:iron_chestplate":2,"minecraft:golden_apple":1,"minecraft:torch":2,"minecraft:anvil":3,"minecraft:crafting_table":2,"minecraft:crossbow":2,"minecraft:waxed_copper_grate":1,"minecraft:lingering_potion":1,"minecraft:cake":1,"minecraft:honey_bottle":2,"minecraft:wooden_axe":34,"minecraft:wind_charge":2,"minecraft:iron_axe":93,"minecraft:bread":5,"minecraft:iron_pickaxe":95,"minecraft:netherite_axe":1,"minecraft:iron_helmet":1,"minecraft:iron_boots":1,"minecraft:waxed_exposed_copper_bulb":1,"minecraft:chiseled_tuff_bricks":2,"minecraft:golden_carrot":10,"minecraft:furnace":2,"minecraft:bucket":8,"minecraft:acacia_planks":19,"minecraft:cooked_beef":10,"minecraft:cobbled_deepslate":9,"minecraft:iron_leggings":1},"minecraft:picked_up":{"minecraft:waxed_oxidized_cut_copper":2,"minecraft:iron_chestplate":1,"minecraft:cooked_beef":10,"minecraft:ominous_bottle":1,"minecraft:anvil":1,"minecraft:smoker":1,"minecraft:potion":1,"minecraft:oak_log":18,"minecraft:waxed_copper_block":1,"minecraft:shield":1,"minecraft:brick":94,"minecraft:wind_charge":1,"minecraft:iron_axe":4,"minecraft:bone":27,"minecraft:bow":5,"minecraft:wheat_seeds":1,"minecraft:cobbled_deepslate":18,"minecraft:iron_ingot":24,"minecraft:trial_key":10,"minecraft:cooked_chicken":2,"minecraft:netherite_axe":2,"minecraft:iron_pickaxe":1,"minecraft:glass_bottle":1,"minecraft:guster_pottery_sherd":2,"minecraft:sugar_cane":19,"minecraft:scrape_pottery_sherd":2,"minecraft:furnace":3,"minecraft:waxed_oxidized_copper_trapdoor":1,"minecraft:tipped_arrow":2,"minecraft:raw_iron":49,"minecraft:torch":1,"minecraft:acacia_log":20,"minecraft:waxed_exposed_copper_bulb":1,"minecraft:flow_pottery_sherd":1,"minecraft:waxed_copper_grate":1,"minecraft:trident":1,"minecraft:waxed_oxidized_chiseled_copper":2,"minecraft:stripped_acacia_log":2,"minecraft:honey_bottle":1,"minecraft:arrow":89,"minecraft:rotten_flesh":2,"minecraft:diamond":1,"minecraft:decorated_pot":24,"minecraft:stone_axe":1,"minecraft:waxed_oxidized_copper_grate":2,"minecraft:breeze_rod":7,"minecraft:golden_apple":1,"minecraft:bread":5,"minecraft:emerald":25,"minecraft:tuff_bricks":5,"minecraft:mutton":9,"minecraft:chiseled_tuff_bricks":2,"minecraft:white_wool":4,"minecraft:cobblestone":5},"minecraft:mined":{"minecraft:waxed_exposed_copper_bulb":1,"minecraft:deepslate_diamond_ore":1,"minecraft:melon_stem":1,"minecraft:waxed_oxidized_chiseled_copper":1,"minecraft:short_grass":1,"minecraft:acacia_log":9,"minecraft:decorated_pot":37,"minecraft:chiseled_tuff_bricks":3,"minecraft:tuff_bricks":8,"minecraft:polished_tuff":1,"minecraft:fire":1,"minecraft:waxed_oxidized_copper_grate":2,"minecraft:waxed_oxidized_cut_copper":1,"minecraft:furnace":2,"minecraft:waxed_copper_grate":1,"minecraft:cobbled_deepslate":1,"minecraft:wheat":1,"minecraft:waxed_copper_block":1,"minecraft:oak_log":1,"minecraft:deepslate_iron_ore":27,"minecraft:stripped_acacia_log":1,"minecraft:deepslate":17},"minecraft:crafted":{"minecraft:crafting_table":2,"minecraft:iron_helmet":1,"minecraft:furnace":1,"minecraft:air":0,"minecraft:bow":1,"minecraft:iron_boots":1,"minecraft:stick":4,"minecraft:iron_ingot":21,"minecraft:iron_pickaxe":1,"minecraft:iron_leggings":1,"minecraft:acacia_planks":40},"minecraft:dropped":{"minecraft:furnace":1,"minecraft:stone_axe":2,"minecraft:sugar_cane":19,"minecraft:oak_log":16,"minecraft:cobbled_deepslate":1,"minecraft:glass_bottle":2,"minecraft:decorated_pot":24,"minecraft:cobblestone":5,"minecraft:spectral_arrow":2,"minecraft:smoker":1,"minecraft:honeycomb":2,"minecraft:stick":2,"minecraft:tipped_arrow":2,"minecraft:waxed_oxidized_chiseled_copper":2,"minecraft:trial_key":5,"minecraft:mutton":8,"minecraft:scrape_pottery_sherd":2,"minecraft:waxed_oxidized_cut_copper":2,"minecraft:bow":3,"minecraft:iron_axe":4,"minecraft:iron_pickaxe":1,"minecraft:waxed_oxidized_copper_grate":2,"minecraft:brick":94},"minecraft:killed_by":{"minecraft:player":5},"minecraft:killed":{"minecraft:skeleton":31,"minecraft:zombie":1,"minecraft:breeze":4},"minecraft:custom":{"minecraft:interact_with_furnace":5,"minecraft:interact_with_anvil":3,"minecraft:mob_kills":36,"minecraft:interact_with_crafting_table":5,"minecraft:open_barrel":7,"minecraft:eat_cake_slice":7,"minecraft:leave_game":1,"minecraft:time_since_death":51189,"minecraft:sleep_in_bed":1,"minecraft:climb_one_cm":9754,"minecraft:time_since_rest":43981,"minecraft:sprint_one_cm":295551,"minecraft:damage_absorbed":40,"minecraft:damage_taken":4129,"minecraft:walk_one_cm":215716,"minecraft:drop":39,"minecraft:damage_dealt":8186,"minecraft:swim_one_cm":10869,"minecraft:talked_to_villager":1,"minecraft:player_kills":1,"minecraft:fly_one_cm":195867,"minecraft:open_chest":18,"minecraft:crouch_one_cm":1629,"minecraft:play_time":88564,"minecraft:deaths":6,"minecraft:sneak_time":806,"minecraft:walk_under_water_one_cm":5328,"minecraft:jump":1014,"minecraft:walk_on_water_one_cm":15509,"minecraft:interact_with_smoker":1,"minecraft:total_world_time":88564,"minecraft:inspect_dispenser":8,"minecraft:fall_one_cm":29715}},"DataVersion":3953}