{"stats":{"minecraft:used":{"minecraft:tuff_bricks":4,"minecraft:stripped_acacia_log":1,"minecraft:iron_axe":17,"minecraft:iron_pickaxe":54,"minecraft:netherite_axe":1,"minecraft:golden_carrot":4,"minecraft:anvil":3,"minecraft:crafting_table":1,"minecraft:crossbow":1,"minecraft:cobbled_deepslate":9},"minecraft:picked_up":{"minecraft:raw_iron":29,"minecraft:anvil":1,"minecraft:waxed_exposed_copper_bulb":1,"minecraft:acacia_log":20,"minecraft:smoker":1,"minecraft:flow_pottery_sherd":1,"minecraft:oak_log":18,"minecraft:waxed_copper_grate":1,"minecraft:brick":19,"minecraft:iron_axe":2,"minecraft:arrow":5,"minecraft:stripped_acacia_log":2,"minecraft:rotten_flesh":2,"minecraft:diamond":1,"minecraft:wheat_seeds":1,"minecraft:cobbled_deepslate":9,"minecraft:iron_ingot":3,"minecraft:netherite_axe":2,"minecraft:emerald":4,"minecraft:iron_pickaxe":1,"minecraft:tuff_bricks":4,"minecraft:sugar_cane":19,"minecraft:mutton":9,"minecraft:white_wool":4,"minecraft:cobblestone":5,"minecraft:furnace":1},"minecraft:mined":{"minecraft:waxed_exposed_copper_bulb":1,"minecraft:waxed_copper_grate":1,"minecraft:deepslate_diamond_ore":1,"minecraft:melon_stem":1,"minecraft:wheat":1,"minecraft:short_grass":1,"minecraft:acacia_log":9,"minecraft:oak_log":1,"minecraft:decorated_pot":6,"minecraft:deepslate_iron_ore":27,"minecraft:stripped_acacia_log":1,"minecraft:tuff_bricks":4,"minecraft:deepslate":7},"minecraft:crafted":{"minecraft:crafting_table":1,"minecraft:stick":4,"minecraft:iron_ingot":4,"minecraft:iron_pickaxe":1,"minecraft:acacia_planks":40,"minecraft:air":0},"minecraft:dropped":{"minecraft:furnace":1,"minecraft:sugar_cane":19,"minecraft:oak_log":16,"minecraft:mutton":8,"minecraft:cobblestone":5,"minecraft:smoker":1,"minecraft:iron_axe":3,"minecraft:iron_pickaxe":1},"minecraft:killed_by":{"minecraft:player":5},"minecraft:killed":{"minecraft:zombie":1},"minecraft:custom":{"minecraft:time_since_rest":1981,"minecraft:interact_with_furnace":1,"minecraft:sprint_one_cm":59525,"minecraft:damage_taken":1998,"minecraft:walk_one_cm":64210,"minecraft:mob_kills":1,"minecraft:interact_with_anvil":3,"minecraft:drop":10,"minecraft:damage_dealt":723,"minecraft:interact_with_crafting_table":1,"minecraft:talked_to_villager":1,"minecraft:fly_one_cm":44981,"minecraft:player_kills":1,"minecraft:open_barrel":1,"minecraft:open_chest":3,"minecraft:crouch_one_cm":764,"minecraft:play_time":46564,"minecraft:deaths":6,"minecraft:sneak_time":336,"minecraft:jump":282,"minecraft:leave_game":1,"minecraft:time_since_death":9189,"minecraft:walk_on_water_one_cm":2003,"minecraft:sleep_in_bed":1,"minecraft:total_world_time":46564,"minecraft:fall_one_cm":10985}},"DataVersion":3953}