{"stats":{"minecraft:killed_by":{"minecraft:player":2},"minecraft:custom":{"minecraft:jump":31,"minecraft:time_since_rest":3615,"minecraft:damage_dealt":75,"minecraft:deaths":2,"minecraft:sprint_one_cm":8939,"minecraft:play_time":5935,"minecraft:damage_taken":612,"minecraft:time_since_death":3579,"minecraft:walk_one_cm":4020,"minecraft:total_world_time":5935,"minecraft:fall_one_cm":2210,"minecraft:fly_one_cm":4345},"minecraft:picked_up":{"minecraft:mutton":1,"minecraft:white_wool":1}},"DataVersion":3953}