{"stats":{"minecraft:broken":{"minecraft:wooden_axe":1},"minecraft:used":{"minecraft:tuff_bricks":4,"minecraft:stripped_acacia_log":1,"minecraft:waxed_oxidized_copper_trapdoor":1,"minecraft:trial_key":3,"minecraft:cooked_chicken":1,"minecraft:rotten_flesh":2,"minecraft:iron_chestplate":1,"minecraft:torch":2,"minecraft:anvil":3,"minecraft:crafting_table":2,"minecraft:crossbow":1,"minecraft:waxed_copper_grate":1,"minecraft:cake":1,"minecraft:honey_bottle":2,"minecraft:wooden_axe":34,"minecraft:wind_charge":2,"minecraft:iron_axe":25,"minecraft:bread":2,"minecraft:iron_pickaxe":87,"minecraft:netherite_axe":1,"minecraft:iron_boots":1,"minecraft:waxed_exposed_copper_bulb":1,"minecraft:golden_carrot":10,"minecraft:furnace":1,"minecraft:cobbled_deepslate":9,"minecraft:iron_leggings":1},"minecraft:picked_up":{"minecraft:waxed_oxidized_cut_copper":2,"minecraft:iron_chestplate":1,"minecraft:ominous_bottle":1,"minecraft:anvil":1,"minecraft:smoker":1,"minecraft:potion":1,"minecraft:oak_log":18,"minecraft:brick":94,"minecraft:wind_charge":1,"minecraft:iron_axe":4,"minecraft:bone":9,"minecraft:bow":2,"minecraft:wheat_seeds":1,"minecraft:cobbled_deepslate":18,"minecraft:iron_ingot":21,"minecraft:trial_key":8,"minecraft:cooked_chicken":1,"minecraft:netherite_axe":2,"minecraft:iron_pickaxe":1,"minecraft:glass_bottle":1,"minecraft:guster_pottery_sherd":2,"minecraft:sugar_cane":19,"minecraft:scrape_pottery_sherd":2,"minecraft:furnace":2,"minecraft:waxed_oxidized_copper_trapdoor":1,"minecraft:raw_iron":49,"minecraft:acacia_log":20,"minecraft:waxed_exposed_copper_bulb":1,"minecraft:flow_pottery_sherd":1,"minecraft:waxed_copper_grate":1,"minecraft:waxed_oxidized_chiseled_copper":2,"minecraft:stripped_acacia_log":2,"minecraft:honey_bottle":1,"minecraft:arrow":57,"minecraft:rotten_flesh":2,"minecraft:diamond":1,"minecraft:decorated_pot":24,"minecraft:stone_axe":1,"minecraft:waxed_oxidized_copper_grate":2,"minecraft:breeze_rod":5,"minecraft:golden_apple":1,"minecraft:bread":2,"minecraft:emerald":25,"minecraft:tuff_bricks":4,"minecraft:mutton":9,"minecraft:chiseled_tuff_bricks":2,"minecraft:white_wool":4,"minecraft:cobblestone":5},"minecraft:mined":{"minecraft:waxed_exposed_copper_bulb":1,"minecraft:deepslate_diamond_ore":1,"minecraft:melon_stem":1,"minecraft:waxed_oxidized_chiseled_copper":1,"minecraft:short_grass":1,"minecraft:acacia_log":9,"minecraft:decorated_pot":37,"minecraft:chiseled_tuff_bricks":2,"minecraft:tuff_bricks":4,"minecraft:waxed_oxidized_copper_grate":2,"minecraft:waxed_oxidized_cut_copper":1,"minecraft:furnace":1,"minecraft:waxed_copper_grate":1,"minecraft:cobbled_deepslate":1,"minecraft:wheat":1,"minecraft:oak_log":1,"minecraft:deepslate_iron_ore":27,"minecraft:stripped_acacia_log":1,"minecraft:deepslate":17},"minecraft:crafted":{"minecraft:crafting_table":2,"minecraft:furnace":1,"minecraft:air":0,"minecraft:bow":1,"minecraft:iron_boots":1,"minecraft:stick":4,"minecraft:iron_ingot":12,"minecraft:iron_pickaxe":1,"minecraft:iron_leggings":1,"minecraft:acacia_planks":40},"minecraft:dropped":{"minecraft:furnace":1,"minecraft:stone_axe":2,"minecraft:sugar_cane":19,"minecraft:oak_log":16,"minecraft:cobbled_deepslate":1,"minecraft:glass_bottle":1,"minecraft:cobblestone":5,"minecraft:smoker":1,"minecraft:waxed_oxidized_chiseled_copper":2,"minecraft:trial_key":3,"minecraft:mutton":8,"minecraft:waxed_oxidized_cut_copper":2,"minecraft:iron_axe":4,"minecraft:iron_pickaxe":1,"minecraft:waxed_oxidized_copper_grate":2,"minecraft:brick":94},"minecraft:killed_by":{"minecraft:player":5},"minecraft:killed":{"minecraft:skeleton":9,"minecraft:zombie":1,"minecraft:breeze":1},"minecraft:custom":{"minecraft:interact_with_furnace":4,"minecraft:interact_with_anvil":3,"minecraft:mob_kills":11,"minecraft:interact_with_crafting_table":4,"minecraft:open_barrel":7,"minecraft:eat_cake_slice":7,"minecraft:leave_game":1,"minecraft:time_since_death":27189,"minecraft:sleep_in_bed":1,"minecraft:climb_one_cm":3553,"minecraft:time_since_rest":19981,"minecraft:sprint_one_cm":183565,"minecraft:damage_taken":2993,"minecraft:walk_one_cm":123443,"minecraft:drop":25,"minecraft:damage_dealt":3060,"minecraft:swim_one_cm":8761,"minecraft:talked_to_villager":1,"minecraft:player_kills":1,"minecraft:fly_one_cm":94388,"minecraft:open_chest":11,"minecraft:crouch_one_cm":972,"minecraft:play_time":64564,"minecraft:deaths":6,"minecraft:sneak_time":453,"minecraft:walk_under_water_one_cm":1731,"minecraft:jump":531,"minecraft:walk_on_water_one_cm":6369,"minecraft:total_world_time":64564,"minecraft:fall_one_cm":16391}},"DataVersion":3953}