{"stats":{"minecraft:used":{"minecraft:anvil":3,"minecraft:iron_axe":14,"minecraft:netherite_axe":1,"minecraft:crossbow":1},"minecraft:picked_up":{"minecraft:stripped_acacia_log":1,"minecraft:anvil":1,"minecraft:wheat_seeds":1,"minecraft:acacia_log":10,"minecraft:oak_log":2,"minecraft:netherite_axe":2,"minecraft:mutton":1,"minecraft:white_wool":1},"minecraft:mined":{"minecraft:short_grass":1,"minecraft:acacia_log":9,"minecraft:oak_log":1,"minecraft:stripped_acacia_log":1,"minecraft:melon_stem":1,"minecraft:wheat":1},"minecraft:dropped":{"minecraft:iron_axe":1},"minecraft:killed_by":{"minecraft:player":4},"minecraft:custom":{"minecraft:time_since_rest":12110,"minecraft:crouch_one_cm":230,"minecraft:sprint_one_cm":22709,"minecraft:play_time":34564,"minecraft:deaths":4,"minecraft:damage_taken":1382,"minecraft:walk_one_cm":28847,"minecraft:sneak_time":128,"minecraft:interact_with_anvil":3,"minecraft:drop":1,"minecraft:jump":81,"minecraft:damage_dealt":210,"minecraft:leave_game":1,"minecraft:time_since_death":12083,"minecraft:total_world_time":34564,"minecraft:talked_to_villager":1,"minecraft:fall_one_cm":2779,"minecraft:fly_one_cm":16001}},"DataVersion":3953}