{"stats":{"minecraft:used":{"minecraft:crossbow":1,"minecraft:anvil":2},"minecraft:picked_up":{"minecraft:mutton":1,"minecraft:white_wool":1},"minecraft:killed_by":{"minecraft:player":4},"minecraft:custom":{"minecraft:jump":52,"minecraft:time_since_rest":110,"minecraft:damage_dealt":84,"minecraft:damage_taken":1132,"minecraft:play_time":22564,"minecraft:leave_game":1,"minecraft:sprint_one_cm":15756,"minecraft:walk_one_cm":14683,"minecraft:time_since_death":83,"minecraft:deaths":4,"minecraft:total_world_time":22564,"minecraft:interact_with_anvil":2,"minecraft:fall_one_cm":2210,"minecraft:fly_one_cm":7815}},"DataVersion":3953}