{"stats":{"minecraft:broken":{"minecraft:iron_axe":1,"minecraft:wooden_axe":1},"minecraft:used":{"minecraft:tuff_bricks":5,"minecraft:cooked_chicken":2,"minecraft:rotten_flesh":2,"minecraft:trial_key":5,"minecraft:iron_chestplate":2,"minecraft:torch":2,"minecraft:dirt":20,"minecraft:anvil":3,"minecraft:waxed_copper_grate":1,"minecraft:honey_bottle":2,"minecraft:iron_hoe":41,"minecraft:wooden_axe":34,"minecraft:iron_axe":131,"minecraft:iron_helmet":2,"minecraft:waxed_exposed_copper_bulb":1,"minecraft:iron_boots":2,"minecraft:bow":39,"minecraft:golden_carrot":10,"minecraft:ominous_bottle":1,"minecraft:furnace":4,"minecraft:cobbled_deepslate":14,"minecraft:cooked_beef":14,"minecraft:acacia_planks":19,"minecraft:iron_leggings":3,"minecraft:water_bucket":20,"minecraft:stripped_acacia_log":1,"minecraft:ender_pearl":1,"minecraft:waxed_oxidized_copper_trapdoor":1,"minecraft:waxed_copper_block":1,"minecraft:golden_apple":1,"minecraft:crafting_table":5,"minecraft:crossbow":4,"minecraft:lingering_potion":2,"minecraft:cake":1,"minecraft:diamond_pickaxe":6,"minecraft:wind_charge":30,"minecraft:melon_slice":18,"minecraft:bread":7,"minecraft:iron_pickaxe":161,"minecraft:netherite_axe":1,"minecraft:chiseled_tuff_bricks":2,"minecraft:cobblestone":6,"minecraft:cooked_porkchop":7,"minecraft:bucket":21,"minecraft:andesite":3},"minecraft:picked_up":{"minecraft:waxed_oxidized_cut_copper":2,"minecraft:iron_chestplate":1,"minecraft:ominous_bottle":1,"minecraft:anvil":1,"minecraft:enchanted_book":1,"minecraft:potion":1,"minecraft:brick":94,"minecraft:shield":1,"minecraft:wind_charge":1,"minecraft:iron_axe":4,"minecraft:cobbled_deepslate":23,"minecraft:beef":7,"minecraft:trial_key":10,"minecraft:iron_pickaxe":1,"minecraft:guster_pottery_sherd":2,"minecraft:melon_slice":35,"minecraft:sugar_cane":19,"minecraft:furnace":5,"minecraft:stick":2,"minecraft:tipped_arrow":2,"minecraft:raw_iron":49,"minecraft:torch":1,"minecraft:acacia_log":27,"minecraft:flow_pottery_sherd":1,"minecraft:waxed_copper_grate":1,"minecraft:trident":1,"minecraft:waxed_oxidized_chiseled_copper":2,"minecraft:arrow":90,"minecraft:honey_bottle":1,"minecraft:rotten_flesh":2,"minecraft:decorated_pot":24,"minecraft:hay_block":31,"minecraft:saddle":3,"minecraft:tuff_bricks":9,"minecraft:mutton":9,"minecraft:white_wool":4,"minecraft:cobblestone":40,"minecraft:cooked_beef":10,"minecraft:andesite":3,"minecraft:leather":7,"minecraft:smoker":1,"minecraft:oak_log":18,"minecraft:waxed_copper_block":3,"minecraft:lapis_lazuli":34,"minecraft:dirt":21,"minecraft:white_banner":1,"minecraft:bone":27,"minecraft:bow":6,"minecraft:wheat_seeds":2,"minecraft:iron_ingot":24,"minecraft:cooked_chicken":2,"minecraft:netherite_axe":2,"minecraft:glass_bottle":1,"minecraft:scrape_pottery_sherd":2,"minecraft:waxed_oxidized_copper_trapdoor":1,"minecraft:cooked_porkchop":7,"minecraft:waxed_exposed_copper_bulb":1,"minecraft:stripped_acacia_log":2,"minecraft:diamond":3,"minecraft:stone_axe":1,"minecraft:waxed_oxidized_copper_grate":2,"minecraft:crossbow":1,"minecraft:breeze_rod":7,"minecraft:golden_apple":1,"minecraft:emerald":25,"minecraft:bread":5,"minecraft:chiseled_tuff_bricks":2},"minecraft:mined":{"minecraft:deepslate_diamond_ore":3,"minecraft:waxed_oxidized_chiseled_copper":1,"minecraft:acacia_log":16,"minecraft:grass_block":2,"minecraft:decorated_pot":37,"minecraft:chiseled_tuff_bricks":3,"minecraft:tuff_bricks":8,"minecraft:hay_block":31,"minecraft:waxed_oxidized_cut_copper":1,"minecraft:furnace":4,"minecraft:waxed_copper_grate":1,"minecraft:cobbled_deepslate":2,"minecraft:fire":1,"minecraft:polished_tuff":1,"minecraft:andesite":3,"minecraft:deepslate_iron_ore":27,"minecraft:stripped_acacia_log":1,"minecraft:stone":41,"minecraft:waxed_exposed_copper_bulb":1,"minecraft:melon_stem":1,"minecraft:short_grass":4,"minecraft:melon":8,"minecraft:cobblestone":6,"minecraft:waxed_oxidized_copper_grate":2,"minecraft:wheat":1,"minecraft:waxed_copper_block":1,"minecraft:oak_log":1,"minecraft:dirt":21,"minecraft:fern":1,"minecraft:oak_leaves":11,"minecraft:deepslate":21},"minecraft:crafted":{"minecraft:wind_charge":28,"minecraft:furnace":1,"minecraft:bow":1,"minecraft:iron_boots":1,"minecraft:iron_hoe":1,"minecraft:wheat":72,"minecraft:cooked_beef":4,"minecraft:crafting_table":5,"minecraft:iron_helmet":1,"minecraft:bread":24,"minecraft:air":0,"minecraft:diamond_pickaxe":1,"minecraft:stick":8,"minecraft:iron_pickaxe":1,"minecraft:iron_ingot":21,"minecraft:iron_leggings":1,"minecraft:acacia_planks":60},"minecraft:dropped":{"minecraft:wheat_seeds":1,"minecraft:oak_log":16,"minecraft:glass_bottle":2,"minecraft:decorated_pot":24,"minecraft:crossbow":1,"minecraft:cobblestone":5,"minecraft:spectral_arrow":2,"minecraft:honeycomb":2,"minecraft:saddle":2,"minecraft:stick":4,"minecraft:dirt":1,"minecraft:waxed_oxidized_chiseled_copper":2,"minecraft:mutton":8,"minecraft:scrape_pottery_sherd":2,"minecraft:iron_axe":4,"minecraft:iron_pickaxe":1,"minecraft:furnace":1,"minecraft:stone_axe":2,"minecraft:tuff_bricks":4,"minecraft:sugar_cane":19,"minecraft:cobbled_deepslate":1,"minecraft:smoker":1,"minecraft:waxed_copper_block":2,"minecraft:tipped_arrow":2,"minecraft:trial_key":5,"minecraft:waxed_oxidized_cut_copper":2,"minecraft:bow":5,"minecraft:waxed_oxidized_copper_grate":2,"minecraft:brick":94},"minecraft:killed_by":{"minecraft:player":5},"minecraft:killed":{"minecraft:skeleton":31,"minecraft:ravager":1,"minecraft:pillager":5,"minecraft:zombie":1,"minecraft:breeze":4,"minecraft:cow":6},"minecraft:custom":{"minecraft:mob_kills":48,"minecraft:interact_with_anvil":6,"minecraft:interact_with_crafting_table":8,"minecraft:open_barrel":7,"minecraft:eat_cake_slice":7,"minecraft:leave_game":1,"minecraft:time_since_death":99189,"minecraft:climb_one_cm":10245,"minecraft:sprint_one_cm":435201,"minecraft:walk_one_cm":287124,"minecraft:drop":49,"minecraft:talked_to_villager":1,"minecraft:raid_win":1,"minecraft:play_time":136564,"minecraft:sneak_time":980,"minecraft:deaths":6,"minecraft:walk_under_water_one_cm":7245,"minecraft:jump":2296,"minecraft:walk_on_water_one_cm":20737,"minecraft:enchant_item":4,"minecraft:total_world_time":136564,"minecraft:interact_with_furnace":9,"minecraft:raid_trigger":1,"minecraft:sleep_in_bed":1,"minecraft:time_since_rest":91981,"minecraft:damage_taken":5059,"minecraft:damage_absorbed":40,"minecraft:damage_dealt":9040,"minecraft:swim_one_cm":14060,"minecraft:fly_one_cm":482477,"minecraft:player_kills":1,"minecraft:open_chest":18,"minecraft:crouch_one_cm":1970,"minecraft:interact_with_smoker":4,"minecraft:fall_one_cm":75536,"minecraft:inspect_dispenser":8}},"DataVersion":3953}