{"stats":{"minecraft:used":{"minecraft:tuff_bricks":4,"minecraft:decorated_pot":2,"minecraft:shield":18,"minecraft:trial_key":5,"minecraft:iron_chestplate":1,"minecraft:torch":115,"minecraft:dirt":12,"minecraft:granite":1,"minecraft:iron_axe":151,"minecraft:iron_boots":1,"minecraft:bow":10,"minecraft:golden_carrot":1,"minecraft:furnace":2,"minecraft:cooked_beef":23,"minecraft:cobbled_deepslate":27,"minecraft:iron_leggings":1,"minecraft:water_bucket":19,"minecraft:baked_potato":2,"minecraft:stone_pickaxe":162,"minecraft:oak_planks":61,"minecraft:waxed_oxidized_cut_copper":1,"minecraft:wooden_pickaxe":27,"minecraft:waxed_oxidized_copper_trapdoor":1,"minecraft:white_wool":2,"minecraft:crafting_table":8,"minecraft:red_bed":1,"minecraft:crossbow":14,"minecraft:smoker":4,"minecraft:diamond_pickaxe":57,"minecraft:wind_charge":16,"minecraft:iron_pickaxe":100,"minecraft:netherite_axe":6,"minecraft:stone_axe":93,"minecraft:chiseled_tuff_bricks":1,"minecraft:potion":1,"minecraft:cobblestone":13,"minecraft:cooked_porkchop":8,"minecraft:andesite":3,"minecraft:bucket":20},"minecraft:broken":{"minecraft:leather_helmet":1,"minecraft:stone_pickaxe":1,"minecraft:stone_axe":1},"minecraft:picked_up":{"minecraft:waxed_oxidized_cut_copper":1,"minecraft:crafting_table":5,"minecraft:ominous_bottle":1,"minecraft:anvil":1,"minecraft:flower_pot":2,"minecraft:wooden_pickaxe":1,"minecraft:potion":1,"minecraft:shield":2,"minecraft:brick":4,"minecraft:wind_charge":13,"minecraft:string":5,"minecraft:red_bed":3,"minecraft:iron_axe":2,"minecraft:cobbled_deepslate":38,"minecraft:beef":57,"minecraft:trial_key":8,"minecraft:poppy":1,"minecraft:iron_pickaxe":1,"minecraft:sugar_cane":38,"minecraft:furnace":3,"minecraft:tipped_arrow":11,"minecraft:stick":2,"minecraft:raw_iron":65,"minecraft:torch":17,"minecraft:acacia_log":20,"minecraft:porkchop":30,"minecraft:diorite":2,"minecraft:arrow":175,"minecraft:honey_bottle":4,"minecraft:decorated_pot":38,"minecraft:tuff_bricks":8,"minecraft:mutton":16,"minecraft:white_wool":10,"minecraft:cobblestone":48,"minecraft:cooked_beef":1,"minecraft:golden_carrot":2,"minecraft:andesite":3,"minecraft:leather":30,"minecraft:smoker":5,"minecraft:flint":1,"minecraft:tuff":11,"minecraft:oak_log":59,"minecraft:waxed_copper_block":3,"minecraft:lapis_lazuli":74,"minecraft:dirt":12,"minecraft:bone":30,"minecraft:bow":7,"minecraft:wheat_seeds":3,"minecraft:iron_ingot":14,"minecraft:stone_pickaxe":1,"minecraft:netherite_axe":2,"minecraft:oak_planks":38,"minecraft:waxed_oxidized_copper_trapdoor":2,"minecraft:emerald_block":1,"minecraft:gravel":5,"minecraft:dead_bush":2,"minecraft:spider_eye":2,"minecraft:spectral_arrow":116,"minecraft:leather_helmet":1,"minecraft:stripped_acacia_log":2,"minecraft:diamond":5,"minecraft:breeze_rod":2,"minecraft:crossbow":2,"minecraft:granite":2,"minecraft:emerald":21,"minecraft:music_disc_precipice":1,"minecraft:baked_potato":3,"minecraft:coal":224,"minecraft:melon_seeds":1,"minecraft:chiseled_tuff_bricks":1,"minecraft:ender_pearl":1},"minecraft:mined":{"minecraft:tuff":11,"minecraft:deepslate_diamond_ore":3,"minecraft:potted_dead_bush":1,"minecraft:granite":6,"minecraft:acacia_log":1,"minecraft:grass_block":3,"minecraft:decorated_pot":12,"minecraft:chiseled_tuff_bricks":1,"minecraft:tuff_bricks":8,"minecraft:spawner":1,"minecraft:waxed_oxidized_cut_copper":1,"minecraft:furnace":2,"minecraft:iron_ore":19,"minecraft:andesite":3,"minecraft:deepslate_lapis_ore":5,"minecraft:anvil":1,"minecraft:deepslate_iron_ore":31,"minecraft:stone":47,"minecraft:red_bed":2,"minecraft:melon_stem":1,"minecraft:smoker":4,"minecraft:crafting_table":5,"minecraft:torch":1,"minecraft:short_grass":4,"minecraft:tall_grass":1,"minecraft:lapis_ore":7,"minecraft:oak_planks":1,"minecraft:sugar_cane":7,"minecraft:diorite":2,"minecraft:waxed_oxidized_copper_trapdoor":2,"minecraft:light_gray_stained_glass":7,"minecraft:wheat":1,"minecraft:waxed_copper_block":3,"minecraft:oak_log":45,"minecraft:coal_ore":119,"minecraft:gravel":5,"minecraft:dirt":9,"minecraft:oak_leaves":5,"minecraft:deepslate":39},"minecraft:crafted":{"minecraft:oak_planks":116,"minecraft:wind_charge":6,"minecraft:furnace":3,"minecraft:cooked_mutton":8,"minecraft:iron_boots":1,"minecraft:bow":1,"minecraft:iron_axe":1,"minecraft:stone_pickaxe":2,"minecraft:smoker":2,"minecraft:cooked_beef":33,"minecraft:emerald":9,"minecraft:cooked_porkchop":15,"minecraft:crafting_table":3,"minecraft:iron_helmet":1,"minecraft:wooden_pickaxe":1,"minecraft:bucket":1,"minecraft:stone_axe":1,"minecraft:air":0,"minecraft:iron_chestplate":1,"minecraft:diamond_pickaxe":1,"minecraft:shield":2,"minecraft:stick":52,"minecraft:iron_ingot":56,"minecraft:iron_pickaxe":1,"minecraft:iron_leggings":1,"minecraft:torch":160},"minecraft:dropped":{"minecraft:iron_ingot":1,"minecraft:wheat_seeds":3,"minecraft:cooked_beef":10,"minecraft:glass_bottle":1,"minecraft:decorated_pot":36,"minecraft:netherite_axe":2,"minecraft:crossbow":1,"minecraft:granite":1,"minecraft:acacia_log":20,"minecraft:coal":1,"minecraft:red_bed":1,"minecraft:diorite":2,"minecraft:dead_bush":2,"minecraft:iron_axe":1,"minecraft:iron_pickaxe":1,"minecraft:string":5,"minecraft:white_wool":3,"minecraft:gravel":4,"minecraft:anvil":1,"minecraft:tuff_bricks":4,"minecraft:tuff":22,"minecraft:waxed_copper_block":3,"minecraft:poppy":1,"minecraft:shield":1,"minecraft:flower_pot":2,"minecraft:melon_seeds":1,"minecraft:spider_eye":2,"minecraft:stripped_acacia_log":2,"minecraft:bow":4,"minecraft:wooden_pickaxe":2,"minecraft:stone_pickaxe":2,"minecraft:brick":4,"minecraft:waxed_oxidized_copper_trapdoor":1},"minecraft:killed_by":{"minecraft:player":1},"minecraft:killed":{"minecraft:armadillo":1,"minecraft:cave_spider":5,"minecraft:skeleton":29,"minecraft:pig":8,"minecraft:iron_golem":1,"minecraft:creeper":1,"minecraft:sheep":2,"minecraft:zombie":3,"minecraft:breeze":2,"minecraft:enderman":1,"minecraft:cow":14},"minecraft:custom":{"minecraft:mob_kills":68,"minecraft:interact_with_crafting_table":23,"minecraft:open_barrel":9,"minecraft:leave_game":1,"minecraft:time_since_death":61613,"minecraft:climb_one_cm":8581,"minecraft:sprint_one_cm":352841,"minecraft:walk_one_cm":259801,"minecraft:damage_blocked_by_shield":745,"minecraft:drop":53,"minecraft:talked_to_villager":2,"minecraft:play_time":94900,"minecraft:sneak_time":5038,"minecraft:deaths":1,"minecraft:walk_under_water_one_cm":2665,"minecraft:jump":1796,"minecraft:walk_on_water_one_cm":22245,"minecraft:total_world_time":94900,"minecraft:interact_with_furnace":13,"minecraft:sleep_in_bed":1,"minecraft:time_since_rest":54521,"minecraft:damage_taken":2940,"minecraft:damage_dealt":10596,"minecraft:swim_one_cm":17473,"minecraft:player_kills":5,"minecraft:fly_one_cm":325576,"minecraft:open_chest":24,"minecraft:crouch_one_cm":11865,"minecraft:interact_with_smoker":17,"minecraft:inspect_dispenser":4,"minecraft:fall_one_cm":52362}},"DataVersion":3953}