{"stats":{"minecraft:used":{"minecraft:tuff_bricks":4,"minecraft:decorated_pot":2,"minecraft:shield":10,"minecraft:trial_key":4,"minecraft:iron_chestplate":1,"minecraft:torch":64,"minecraft:dirt":12,"minecraft:granite":1,"minecraft:iron_axe":79,"minecraft:golden_carrot":1,"minecraft:furnace":2,"minecraft:cooked_beef":23,"minecraft:iron_leggings":1,"minecraft:water_bucket":12,"minecraft:stone_pickaxe":162,"minecraft:oak_planks":60,"minecraft:waxed_oxidized_cut_copper":1,"minecraft:wooden_pickaxe":27,"minecraft:waxed_oxidized_copper_trapdoor":1,"minecraft:white_wool":2,"minecraft:crafting_table":7,"minecraft:red_bed":1,"minecraft:crossbow":14,"minecraft:smoker":4,"minecraft:iron_pickaxe":96,"minecraft:netherite_axe":6,"minecraft:stone_axe":93,"minecraft:chiseled_tuff_bricks":1,"minecraft:cobblestone":13,"minecraft:cooked_porkchop":2,"minecraft:andesite":3,"minecraft:bucket":13},"minecraft:broken":{"minecraft:leather_helmet":1,"minecraft:stone_pickaxe":1,"minecraft:stone_axe":1},"minecraft:picked_up":{"minecraft:waxed_oxidized_cut_copper":1,"minecraft:crafting_table":5,"minecraft:ominous_bottle":1,"minecraft:anvil":1,"minecraft:flower_pot":2,"minecraft:wooden_pickaxe":1,"minecraft:shield":1,"minecraft:brick":4,"minecraft:string":5,"minecraft:red_bed":3,"minecraft:iron_axe":2,"minecraft:cobbled_deepslate":23,"minecraft:beef":57,"minecraft:trial_key":6,"minecraft:poppy":1,"minecraft:iron_pickaxe":1,"minecraft:sugar_cane":38,"minecraft:furnace":2,"minecraft:tipped_arrow":11,"minecraft:raw_iron":56,"minecraft:torch":17,"minecraft:acacia_log":20,"minecraft:porkchop":30,"minecraft:diorite":2,"minecraft:arrow":165,"minecraft:honey_bottle":4,"minecraft:decorated_pot":38,"minecraft:tuff_bricks":4,"minecraft:mutton":16,"minecraft:white_wool":10,"minecraft:cobblestone":48,"minecraft:cooked_beef":1,"minecraft:andesite":3,"minecraft:leather":30,"minecraft:smoker":3,"minecraft:tuff":11,"minecraft:oak_log":59,"minecraft:waxed_copper_block":1,"minecraft:dirt":12,"minecraft:bone":21,"minecraft:bow":5,"minecraft:wheat_seeds":3,"minecraft:iron_ingot":14,"minecraft:stone_pickaxe":1,"minecraft:netherite_axe":2,"minecraft:oak_planks":38,"minecraft:waxed_oxidized_copper_trapdoor":2,"minecraft:emerald_block":1,"minecraft:gravel":2,"minecraft:dead_bush":2,"minecraft:spider_eye":2,"minecraft:spectral_arrow":116,"minecraft:leather_helmet":1,"minecraft:stripped_acacia_log":2,"minecraft:diamond":2,"minecraft:breeze_rod":2,"minecraft:crossbow":2,"minecraft:granite":1,"minecraft:emerald":21,"minecraft:music_disc_precipice":1,"minecraft:coal":224,"minecraft:melon_seeds":1,"minecraft:chiseled_tuff_bricks":1},"minecraft:mined":{"minecraft:tuff":11,"minecraft:potted_dead_bush":1,"minecraft:granite":1,"minecraft:acacia_log":1,"minecraft:grass_block":3,"minecraft:decorated_pot":12,"minecraft:chiseled_tuff_bricks":1,"minecraft:tuff_bricks":4,"minecraft:spawner":1,"minecraft:waxed_oxidized_cut_copper":1,"minecraft:furnace":1,"minecraft:iron_ore":19,"minecraft:andesite":3,"minecraft:anvil":1,"minecraft:deepslate_iron_ore":22,"minecraft:stone":39,"minecraft:red_bed":2,"minecraft:melon_stem":1,"minecraft:smoker":2,"minecraft:crafting_table":5,"minecraft:torch":1,"minecraft:short_grass":4,"minecraft:tall_grass":1,"minecraft:oak_planks":1,"minecraft:sugar_cane":7,"minecraft:diorite":2,"minecraft:waxed_oxidized_copper_trapdoor":2,"minecraft:light_gray_stained_glass":7,"minecraft:wheat":1,"minecraft:waxed_copper_block":1,"minecraft:oak_log":45,"minecraft:coal_ore":119,"minecraft:gravel":1,"minecraft:dirt":9,"minecraft:oak_leaves":5,"minecraft:deepslate":24},"minecraft:crafted":{"minecraft:oak_planks":116,"minecraft:furnace":3,"minecraft:bow":1,"minecraft:iron_axe":1,"minecraft:stone_pickaxe":2,"minecraft:smoker":2,"minecraft:cooked_beef":33,"minecraft:cooked_porkchop":15,"minecraft:crafting_table":3,"minecraft:wooden_pickaxe":1,"minecraft:bucket":1,"minecraft:stone_axe":1,"minecraft:air":0,"minecraft:iron_chestplate":1,"minecraft:shield":1,"minecraft:stick":28,"minecraft:iron_ingot":15,"minecraft:iron_pickaxe":1,"minecraft:iron_leggings":1,"minecraft:torch":64},"minecraft:dropped":{"minecraft:iron_ingot":1,"minecraft:wheat_seeds":3,"minecraft:cooked_beef":10,"minecraft:decorated_pot":36,"minecraft:netherite_axe":2,"minecraft:crossbow":1,"minecraft:acacia_log":20,"minecraft:red_bed":1,"minecraft:diorite":2,"minecraft:dead_bush":2,"minecraft:iron_axe":1,"minecraft:white_wool":3,"minecraft:gravel":1,"minecraft:anvil":1,"minecraft:tuff":11,"minecraft:waxed_copper_block":1,"minecraft:poppy":1,"minecraft:flower_pot":2,"minecraft:melon_seeds":1,"minecraft:spider_eye":2,"minecraft:stripped_acacia_log":2,"minecraft:bow":2,"minecraft:wooden_pickaxe":2,"minecraft:stone_pickaxe":2,"minecraft:brick":4,"minecraft:waxed_oxidized_copper_trapdoor":1},"minecraft:killed_by":{"minecraft:player":1},"minecraft:killed":{"minecraft:armadillo":1,"minecraft:cave_spider":5,"minecraft:skeleton":21,"minecraft:pig":8,"minecraft:iron_golem":1,"minecraft:creeper":1,"minecraft:sheep":2,"minecraft:zombie":2,"minecraft:breeze":2,"minecraft:cow":14},"minecraft:custom":{"minecraft:mob_kills":58,"minecraft:interact_with_crafting_table":18,"minecraft:open_barrel":9,"minecraft:leave_game":1,"minecraft:time_since_death":37613,"minecraft:climb_one_cm":5984,"minecraft:sprint_one_cm":262524,"minecraft:walk_one_cm":198463,"minecraft:damage_blocked_by_shield":385,"minecraft:drop":41,"minecraft:talked_to_villager":2,"minecraft:play_time":70900,"minecraft:sneak_time":3909,"minecraft:deaths":1,"minecraft:walk_under_water_one_cm":2445,"minecraft:jump":1306,"minecraft:walk_on_water_one_cm":20492,"minecraft:total_world_time":70900,"minecraft:interact_with_furnace":8,"minecraft:sleep_in_bed":1,"minecraft:time_since_rest":30521,"minecraft:damage_taken":2400,"minecraft:damage_dealt":9128,"minecraft:swim_one_cm":16956,"minecraft:player_kills":5,"minecraft:fly_one_cm":246720,"minecraft:open_chest":17,"minecraft:crouch_one_cm":8432,"minecraft:interact_with_smoker":12,"minecraft:inspect_dispenser":4,"minecraft:fall_one_cm":36058}},"DataVersion":3953}