{"stats":{"minecraft:used":{"minecraft:tuff_bricks":4,"minecraft:enchanting_table":4,"minecraft:poppy":1,"minecraft:decorated_pot":2,"minecraft:shield":24,"minecraft:iron_sword":56,"minecraft:trial_key":5,"minecraft:iron_chestplate":1,"minecraft:torch":115,"minecraft:dirt":18,"minecraft:anvil":1,"minecraft:granite":1,"minecraft:iron_axe":152,"minecraft:iron_boots":1,"minecraft:bow":60,"minecraft:golden_carrot":5,"minecraft:ominous_bottle":1,"minecraft:oak_sapling":1,"minecraft:furnace":3,"minecraft:cooked_beef":23,"minecraft:cobbled_deepslate":27,"minecraft:iron_leggings":1,"minecraft:cooked_mutton":8,"minecraft:water_bucket":27,"minecraft:damaged_anvil":3,"minecraft:baked_potato":3,"minecraft:stone_pickaxe":162,"minecraft:oak_planks":61,"minecraft:ender_pearl":3,"minecraft:waxed_oxidized_cut_copper":1,"minecraft:wooden_pickaxe":27,"minecraft:waxed_oxidized_copper_trapdoor":1,"minecraft:white_wool":6,"minecraft:crafting_table":9,"minecraft:red_bed":1,"minecraft:crossbow":14,"minecraft:smoker":7,"minecraft:diamond_pickaxe":69,"minecraft:wind_charge":22,"minecraft:iron_pickaxe":100,"minecraft:netherite_axe":6,"minecraft:stone_axe":93,"minecraft:chiseled_tuff_bricks":1,"minecraft:potion":1,"minecraft:cobblestone":14,"minecraft:white_banner":3,"minecraft:cooked_porkchop":9,"minecraft:andesite":3,"minecraft:bucket":28},"minecraft:broken":{"minecraft:leather_helmet":1,"minecraft:stone_pickaxe":1,"minecraft:stone_axe":1},"minecraft:picked_up":{"minecraft:waxed_oxidized_cut_copper":1,"minecraft:crafting_table":5,"minecraft:ominous_bottle":1,"minecraft:anvil":1,"minecraft:flower_pot":2,"minecraft:wooden_pickaxe":1,"minecraft:potion":1,"minecraft:shield":2,"minecraft:brick":4,"minecraft:wind_charge":13,"minecraft:string":5,"minecraft:red_bed":3,"minecraft:iron_axe":2,"minecraft:cobbled_deepslate":38,"minecraft:beef":57,"minecraft:trial_key":8,"minecraft:poppy":2,"minecraft:iron_pickaxe":1,"minecraft:sugar_cane":38,"minecraft:furnace":3,"minecraft:tipped_arrow":11,"minecraft:stick":9,"minecraft:raw_iron":65,"minecraft:torch":63,"minecraft:acacia_log":20,"minecraft:porkchop":42,"minecraft:diorite":2,"minecraft:arrow":177,"minecraft:honey_bottle":4,"minecraft:rotten_flesh":5,"minecraft:decorated_pot":38,"minecraft:saddle":2,"minecraft:tuff_bricks":8,"minecraft:obsidian":4,"minecraft:mutton":19,"minecraft:white_wool":14,"minecraft:cobblestone":49,"minecraft:enchanting_table":3,"minecraft:cooked_beef":1,"minecraft:golden_carrot":2,"minecraft:andesite":3,"minecraft:leather":30,"minecraft:smoker":6,"minecraft:flint":1,"minecraft:tuff":11,"minecraft:oak_log":59,"minecraft:waxed_copper_block":3,"minecraft:lapis_lazuli":93,"minecraft:dirt":18,"minecraft:white_banner":3,"minecraft:cooked_mutton":4,"minecraft:bone":31,"minecraft:apple":1,"minecraft:bow":10,"minecraft:wheat_seeds":4,"minecraft:iron_ingot":20,"minecraft:stone_pickaxe":1,"minecraft:netherite_axe":2,"minecraft:oak_planks":38,"minecraft:waxed_oxidized_copper_trapdoor":2,"minecraft:emerald_block":1,"minecraft:gravel":5,"minecraft:dead_bush":2,"minecraft:spider_eye":2,"minecraft:spectral_arrow":116,"minecraft:leather_helmet":1,"minecraft:stripped_acacia_log":2,"minecraft:diamond":5,"minecraft:breeze_rod":2,"minecraft:crossbow":2,"minecraft:granite":2,"minecraft:oak_sapling":2,"minecraft:emerald":21,"minecraft:music_disc_precipice":1,"minecraft:damaged_anvil":3,"minecraft:baked_potato":3,"minecraft:coal":224,"minecraft:melon_seeds":1,"minecraft:chiseled_tuff_bricks":1,"minecraft:ender_pearl":1},"minecraft:mined":{"minecraft:tuff":11,"minecraft:deepslate_diamond_ore":3,"minecraft:obsidian":4,"minecraft:potted_dead_bush":1,"minecraft:granite":6,"minecraft:acacia_log":1,"minecraft:grass_block":4,"minecraft:decorated_pot":12,"minecraft:chiseled_tuff_bricks":1,"minecraft:tuff_bricks":8,"minecraft:spawner":1,"minecraft:waxed_oxidized_cut_copper":1,"minecraft:furnace":2,"minecraft:iron_ore":19,"minecraft:andesite":3,"minecraft:deepslate_lapis_ore":5,"minecraft:anvil":1,"minecraft:enchanting_table":3,"minecraft:dirt_path":3,"minecraft:deepslate_iron_ore":31,"minecraft:stone":48,"minecraft:red_bed":2,"minecraft:melon_stem":1,"minecraft:smoker":5,"minecraft:crafting_table":5,"minecraft:torch":1,"minecraft:short_grass":9,"minecraft:tall_grass":1,"minecraft:lapis_ore":7,"minecraft:oak_planks":1,"minecraft:sugar_cane":7,"minecraft:damaged_anvil":3,"minecraft:diorite":2,"minecraft:waxed_oxidized_copper_trapdoor":2,"minecraft:light_gray_stained_glass":7,"minecraft:wheat":1,"minecraft:waxed_copper_block":3,"minecraft:oak_log":45,"minecraft:coal_ore":119,"minecraft:gravel":5,"minecraft:dirt":10,"minecraft:oak_leaves":5,"minecraft:deepslate":39},"minecraft:crafted":{"minecraft:oak_planks":116,"minecraft:wind_charge":6,"minecraft:furnace":3,"minecraft:cooked_mutton":8,"minecraft:iron_boots":1,"minecraft:bow":1,"minecraft:iron_axe":1,"minecraft:stone_pickaxe":2,"minecraft:smoker":2,"minecraft:cooked_beef":33,"minecraft:emerald":9,"minecraft:cooked_porkchop":20,"minecraft:crafting_table":4,"minecraft:enchanting_table":1,"minecraft:iron_helmet":1,"minecraft:wooden_pickaxe":1,"minecraft:iron_sword":1,"minecraft:bucket":1,"minecraft:stone_axe":1,"minecraft:air":0,"minecraft:book":6,"minecraft:iron_chestplate":1,"minecraft:paper":18,"minecraft:diamond_pickaxe":1,"minecraft:shield":2,"minecraft:stick":60,"minecraft:iron_ingot":56,"minecraft:iron_pickaxe":1,"minecraft:iron_block":3,"minecraft:iron_leggings":1,"minecraft:anvil":1,"minecraft:torch":160},"minecraft:dropped":{"minecraft:enchanted_book":1,"minecraft:iron_ingot":3,"minecraft:wheat_seeds":4,"minecraft:lapis_lazuli":42,"minecraft:cooked_beef":10,"minecraft:glass_bottle":1,"minecraft:cooked_porkchop":7,"minecraft:decorated_pot":36,"minecraft:netherite_axe":2,"minecraft:crossbow":2,"minecraft:spectral_arrow":1,"minecraft:granite":1,"minecraft:saddle":1,"minecraft:acacia_log":20,"minecraft:coal":1,"minecraft:flint":1,"minecraft:stick":7,"minecraft:red_bed":1,"minecraft:diorite":2,"minecraft:torch":46,"minecraft:dead_bush":2,"minecraft:iron_axe":1,"minecraft:iron_pickaxe":1,"minecraft:string":5,"minecraft:white_wool":3,"minecraft:gravel":4,"minecraft:anvil":1,"minecraft:tuff_bricks":4,"minecraft:sugar_cane":1,"minecraft:cobbled_deepslate":4,"minecraft:tuff":22,"minecraft:rotten_flesh":4,"minecraft:oak_planks":1,"minecraft:cooked_mutton":4,"minecraft:waxed_copper_block":3,"minecraft:poppy":1,"minecraft:shield":1,"minecraft:flower_pot":2,"minecraft:melon_seeds":1,"minecraft:oak_sapling":1,"minecraft:spider_eye":2,"minecraft:stripped_acacia_log":2,"minecraft:arrow":3,"minecraft:bow":6,"minecraft:wooden_pickaxe":2,"minecraft:stone_pickaxe":2,"minecraft:brick":4,"minecraft:waxed_oxidized_copper_trapdoor":1},"minecraft:killed_by":{"minecraft:player":1},"minecraft:killed":{"minecraft:armadillo":1,"minecraft:cave_spider":5,"minecraft:vindicator":1,"minecraft:skeleton":30,"minecraft:pig":13,"minecraft:iron_golem":2,"minecraft:ravager":1,"minecraft:creeper":1,"minecraft:sheep":6,"minecraft:pillager":10,"minecraft:zombie":6,"minecraft:breeze":2,"minecraft:enderman":1,"minecraft:cow":14},"minecraft:custom":{"minecraft:interact_with_anvil":6,"minecraft:mob_kills":95,"minecraft:interact_with_crafting_table":29,"minecraft:open_barrel":9,"minecraft:leave_game":1,"minecraft:time_since_death":97613,"minecraft:climb_one_cm":8676,"minecraft:sprint_one_cm":451762,"minecraft:walk_one_cm":321805,"minecraft:damage_blocked_by_shield":1085,"minecraft:drop":80,"minecraft:talked_to_villager":2,"minecraft:raid_win":2,"minecraft:play_time":130900,"minecraft:sneak_time":5306,"minecraft:deaths":1,"minecraft:walk_under_water_one_cm":3063,"minecraft:jump":2681,"minecraft:walk_on_water_one_cm":30433,"minecraft:enchant_item":6,"minecraft:total_world_time":130900,"minecraft:interact_with_furnace":13,"minecraft:raid_trigger":1,"minecraft:sleep_in_bed":1,"minecraft:time_since_rest":90521,"minecraft:damage_taken":3932,"minecraft:damage_dealt":13315,"minecraft:swim_one_cm":19731,"minecraft:player_kills":5,"minecraft:fly_one_cm":552556,"minecraft:open_chest":24,"minecraft:crouch_one_cm":12111,"minecraft:interact_with_smoker":20,"minecraft:inspect_dispenser":4,"minecraft:fall_one_cm":84542}},"DataVersion":3953}