{"stats":{"minecraft:used":{"minecraft:stone_pickaxe":162,"minecraft:oak_planks":6,"minecraft:shield":1,"minecraft:wooden_pickaxe":27,"minecraft:torch":42,"minecraft:dirt":12,"minecraft:crafting_table":4,"minecraft:crossbow":14,"minecraft:granite":1,"minecraft:smoker":2,"minecraft:iron_axe":10,"minecraft:iron_pickaxe":25,"minecraft:netherite_axe":6,"minecraft:stone_axe":93,"minecraft:cobblestone":9,"minecraft:furnace":2,"minecraft:andesite":3,"minecraft:cooked_beef":8},"minecraft:broken":{"minecraft:stone_pickaxe":1,"minecraft:stone_axe":1},"minecraft:picked_up":{"minecraft:crafting_table":3,"minecraft:cooked_beef":1,"minecraft:anvil":1,"minecraft:andesite":3,"minecraft:leather":30,"minecraft:wooden_pickaxe":1,"minecraft:smoker":2,"minecraft:oak_log":59,"minecraft:shield":1,"minecraft:dirt":12,"minecraft:red_bed":3,"minecraft:iron_axe":1,"minecraft:wheat_seeds":3,"minecraft:iron_ingot":4,"minecraft:beef":57,"minecraft:stone_pickaxe":1,"minecraft:netherite_axe":2,"minecraft:poppy":1,"minecraft:iron_pickaxe":1,"minecraft:sugar_cane":38,"minecraft:oak_planks":37,"minecraft:furnace":2,"minecraft:raw_iron":34,"minecraft:torch":16,"minecraft:acacia_log":20,"minecraft:gravel":2,"minecraft:porkchop":30,"minecraft:diorite":2,"minecraft:leather_helmet":1,"minecraft:spectral_arrow":116,"minecraft:stripped_acacia_log":2,"minecraft:arrow":128,"minecraft:granite":1,"minecraft:crossbow":2,"minecraft:melon_seeds":1,"minecraft:mutton":16,"minecraft:coal":224,"minecraft:cobblestone":48,"minecraft:white_wool":10},"minecraft:mined":{"minecraft:red_bed":2,"minecraft:melon_stem":1,"minecraft:smoker":2,"minecraft:crafting_table":3,"minecraft:granite":1,"minecraft:short_grass":4,"minecraft:acacia_log":1,"minecraft:grass_block":3,"minecraft:tall_grass":1,"minecraft:sugar_cane":7,"minecraft:diorite":2,"minecraft:furnace":1,"minecraft:iron_ore":14,"minecraft:wheat":1,"minecraft:andesite":3,"minecraft:anvil":1,"minecraft:coal_ore":119,"minecraft:oak_log":45,"minecraft:deepslate_iron_ore":4,"minecraft:gravel":1,"minecraft:dirt":9,"minecraft:stone":39,"minecraft:oak_leaves":5},"minecraft:crafted":{"minecraft:cooked_beef":9,"minecraft:oak_planks":68,"minecraft:crafting_table":1,"minecraft:wooden_pickaxe":1,"minecraft:furnace":2,"minecraft:stone_axe":1,"minecraft:air":0,"minecraft:shield":1,"minecraft:stick":24,"minecraft:iron_pickaxe":1,"minecraft:stone_pickaxe":2,"minecraft:torch":56,"minecraft:smoker":1},"minecraft:dropped":{"minecraft:anvil":1,"minecraft:wheat_seeds":3,"minecraft:netherite_axe":2,"minecraft:crossbow":1,"minecraft:acacia_log":20,"minecraft:poppy":1,"minecraft:red_bed":1,"minecraft:diorite":2,"minecraft:melon_seeds":1,"minecraft:stripped_acacia_log":2,"minecraft:stone_pickaxe":2,"minecraft:wooden_pickaxe":2},"minecraft:killed_by":{"minecraft:player":1},"minecraft:killed":{"minecraft:armadillo":1,"minecraft:pig":8,"minecraft:iron_golem":1,"minecraft:creeper":1,"minecraft:sheep":2,"minecraft:zombie":2,"minecraft:cow":14},"minecraft:custom":{"minecraft:interact_with_furnace":1,"minecraft:mob_kills":29,"minecraft:interact_with_crafting_table":10,"minecraft:leave_game":1,"minecraft:time_since_death":1613,"minecraft:time_since_rest":1652,"minecraft:sprint_one_cm":105697,"minecraft:damage_taken":833,"minecraft:walk_one_cm":91947,"minecraft:damage_blocked_by_shield":135,"minecraft:drop":18,"minecraft:damage_dealt":4686,"minecraft:swim_one_cm":5308,"minecraft:talked_to_villager":2,"minecraft:fly_one_cm":132156,"minecraft:player_kills":5,"minecraft:open_chest":6,"minecraft:crouch_one_cm":3693,"minecraft:play_time":34900,"minecraft:deaths":1,"minecraft:sneak_time":2528,"minecraft:walk_under_water_one_cm":239,"minecraft:jump":738,"minecraft:walk_on_water_one_cm":3661,"minecraft:interact_with_smoker":4,"minecraft:total_world_time":34900,"minecraft:fall_one_cm":18417}},"DataVersion":3953}