{"stats":{"minecraft:used":{"minecraft:stone_pickaxe":156,"minecraft:netherite_axe":6,"minecraft:wooden_pickaxe":27,"minecraft:stone_axe":76,"minecraft:torch":29,"minecraft:dirt":8,"minecraft:crafting_table":3,"minecraft:furnace":1,"minecraft:crossbow":8,"minecraft:andesite":3,"minecraft:cooked_beef":4,"minecraft:smoker":2,"minecraft:granite":1},"minecraft:broken":{"minecraft:stone_pickaxe":1},"minecraft:picked_up":{"minecraft:crafting_table":3,"minecraft:andesite":3,"minecraft:leather":11,"minecraft:wooden_pickaxe":1,"minecraft:smoker":2,"minecraft:gravel":1,"minecraft:porkchop":15,"minecraft:oak_log":43,"minecraft:diorite":2,"minecraft:spectral_arrow":64,"minecraft:dirt":12,"minecraft:arrow":64,"minecraft:crossbow":1,"minecraft:beef":23,"minecraft:granite":1,"minecraft:netherite_axe":2,"minecraft:sugar_cane":19,"minecraft:mutton":8,"minecraft:coal":116,"minecraft:white_wool":5,"minecraft:cobblestone":38,"minecraft:furnace":1},"minecraft:mined":{"minecraft:furnace":1,"minecraft:smoker":2,"minecraft:andesite":3,"minecraft:crafting_table":3,"minecraft:granite":1,"minecraft:oak_log":45,"minecraft:grass_block":3,"minecraft:coal_ore":116,"minecraft:gravel":1,"minecraft:dirt":9,"minecraft:stone":34,"minecraft:sugar_cane":7,"minecraft:diorite":2,"minecraft:oak_leaves":5},"minecraft:crafted":{"minecraft:cooked_beef":9,"minecraft:oak_planks":68,"minecraft:crafting_table":1,"minecraft:stick":20,"minecraft:wooden_pickaxe":1,"minecraft:stone_pickaxe":2,"minecraft:furnace":2,"minecraft:torch":40,"minecraft:stone_axe":1,"minecraft:air":0,"minecraft:smoker":1},"minecraft:dropped":{"minecraft:diorite":2,"minecraft:netherite_axe":2,"minecraft:wooden_pickaxe":2},"minecraft:killed":{"minecraft:sheep":2,"minecraft:zombie":2,"minecraft:pig":8,"minecraft:creeper":1,"minecraft:cow":10},"minecraft:custom":{"minecraft:time_since_rest":22900,"minecraft:sprint_one_cm":66268,"minecraft:damage_taken":250,"minecraft:walk_one_cm":65116,"minecraft:mob_kills":23,"minecraft:drop":5,"minecraft:damage_dealt":3198,"minecraft:interact_with_crafting_table":9,"minecraft:swim_one_cm":5308,"minecraft:fly_one_cm":64073,"minecraft:player_kills":4,"minecraft:crouch_one_cm":696,"minecraft:play_time":22900,"minecraft:sneak_time":506,"minecraft:walk_under_water_one_cm":239,"minecraft:jump":464,"minecraft:leave_game":1,"minecraft:walk_on_water_one_cm":2943,"minecraft:time_since_death":22900,"minecraft:total_world_time":22900,"minecraft:interact_with_smoker":4,"minecraft:fall_one_cm":9000}},"DataVersion":3953}