{"stats":{"minecraft:mined":{"minecraft:grass_block":3,"minecraft:oak_log":36,"minecraft:gravel":1,"minecraft:dirt":9,"minecraft:stone":25,"minecraft:crafting_table":1,"minecraft:oak_leaves":5},"minecraft:custom":{"minecraft:time_since_rest":5954,"minecraft:crouch_one_cm":486,"minecraft:play_time":5954,"minecraft:sprint_one_cm":18743,"minecraft:damage_taken":75,"minecraft:walk_one_cm":16104,"minecraft:sneak_time":388,"minecraft:mob_kills":4,"minecraft:drop":2,"minecraft:jump":113,"minecraft:damage_dealt":847,"minecraft:time_since_death":5954,"minecraft:total_world_time":5954,"minecraft:player_kills":2,"minecraft:interact_with_crafting_table":5,"minecraft:fall_one_cm":1047,"minecraft:fly_one_cm":9123},"minecraft:crafted":{"minecraft:oak_planks":16,"minecraft:stone_axe":1,"minecraft:crafting_table":1,"minecraft:stick":8,"minecraft:stone_pickaxe":1,"minecraft:wooden_pickaxe":1},"minecraft:picked_up":{"minecraft:crafting_table":1,"minecraft:wooden_pickaxe":1,"minecraft:gravel":1,"minecraft:porkchop":8,"minecraft:oak_log":35,"minecraft:white_wool":3,"minecraft:mutton":5,"minecraft:dirt":12,"minecraft:cobblestone":25},"minecraft:dropped":{"minecraft:wooden_pickaxe":2},"minecraft:used":{"minecraft:stone_axe":41,"minecraft:crafting_table":1,"minecraft:stone_pickaxe":22,"minecraft:wooden_pickaxe":27},"minecraft:killed":{"minecraft:pig":4}},"DataVersion":3953}