{"stats":{"minecraft:used":{"minecraft:water_bucket":1,"minecraft:stone_pickaxe":162,"minecraft:oak_planks":22,"minecraft:shield":1,"minecraft:wooden_pickaxe":27,"minecraft:iron_chestplate":1,"minecraft:white_wool":2,"minecraft:torch":57,"minecraft:dirt":12,"minecraft:crafting_table":5,"minecraft:red_bed":1,"minecraft:crossbow":14,"minecraft:granite":1,"minecraft:smoker":4,"minecraft:iron_axe":26,"minecraft:iron_pickaxe":62,"minecraft:netherite_axe":6,"minecraft:stone_axe":93,"minecraft:golden_carrot":1,"minecraft:cobblestone":13,"minecraft:furnace":2,"minecraft:bucket":2,"minecraft:andesite":3,"minecraft:cooked_beef":10},"minecraft:broken":{"minecraft:stone_pickaxe":1,"minecraft:stone_axe":1},"minecraft:picked_up":{"minecraft:crafting_table":3,"minecraft:cooked_beef":1,"minecraft:flower_pot":2,"minecraft:anvil":1,"minecraft:andesite":3,"minecraft:leather":30,"minecraft:wooden_pickaxe":1,"minecraft:smoker":3,"minecraft:oak_log":59,"minecraft:brick":4,"minecraft:shield":1,"minecraft:dirt":12,"minecraft:red_bed":3,"minecraft:iron_axe":1,"minecraft:bone":2,"minecraft:bow":1,"minecraft:wheat_seeds":3,"minecraft:cobbled_deepslate":13,"minecraft:iron_ingot":8,"minecraft:beef":57,"minecraft:stone_pickaxe":1,"minecraft:netherite_axe":2,"minecraft:poppy":1,"minecraft:iron_pickaxe":1,"minecraft:sugar_cane":38,"minecraft:oak_planks":37,"minecraft:furnace":2,"minecraft:raw_iron":56,"minecraft:torch":16,"minecraft:acacia_log":20,"minecraft:gravel":2,"minecraft:porkchop":30,"minecraft:diorite":2,"minecraft:dead_bush":2,"minecraft:leather_helmet":1,"minecraft:spectral_arrow":116,"minecraft:stripped_acacia_log":2,"minecraft:arrow":141,"minecraft:decorated_pot":18,"minecraft:granite":1,"minecraft:crossbow":2,"minecraft:emerald":9,"minecraft:melon_seeds":1,"minecraft:mutton":16,"minecraft:coal":224,"minecraft:cobblestone":48,"minecraft:white_wool":10},"minecraft:mined":{"minecraft:red_bed":2,"minecraft:melon_stem":1,"minecraft:smoker":2,"minecraft:crafting_table":3,"minecraft:potted_dead_bush":1,"minecraft:granite":1,"minecraft:short_grass":4,"minecraft:acacia_log":1,"minecraft:grass_block":3,"minecraft:decorated_pot":10,"minecraft:tall_grass":1,"minecraft:sugar_cane":7,"minecraft:diorite":2,"minecraft:furnace":1,"minecraft:iron_ore":19,"minecraft:wheat":1,"minecraft:andesite":3,"minecraft:anvil":1,"minecraft:coal_ore":119,"minecraft:oak_log":45,"minecraft:deepslate_iron_ore":22,"minecraft:gravel":1,"minecraft:dirt":9,"minecraft:stone":39,"minecraft:deepslate":14,"minecraft:oak_leaves":5},"minecraft:crafted":{"minecraft:cooked_beef":33,"minecraft:oak_planks":116,"minecraft:cooked_porkchop":15,"minecraft:crafting_table":2,"minecraft:wooden_pickaxe":1,"minecraft:furnace":3,"minecraft:bucket":1,"minecraft:stone_axe":1,"minecraft:air":0,"minecraft:iron_chestplate":1,"minecraft:shield":1,"minecraft:iron_axe":1,"minecraft:stick":28,"minecraft:iron_ingot":15,"minecraft:iron_pickaxe":1,"minecraft:stone_pickaxe":2,"minecraft:torch":64,"minecraft:smoker":2},"minecraft:dropped":{"minecraft:iron_ingot":1,"minecraft:anvil":1,"minecraft:wheat_seeds":3,"minecraft:decorated_pot":9,"minecraft:netherite_axe":2,"minecraft:crossbow":1,"minecraft:acacia_log":20,"minecraft:poppy":1,"minecraft:red_bed":1,"minecraft:flower_pot":1,"minecraft:diorite":2,"minecraft:melon_seeds":1,"minecraft:dead_bush":1,"minecraft:stripped_acacia_log":2,"minecraft:stone_pickaxe":2,"minecraft:wooden_pickaxe":2,"minecraft:white_wool":3,"minecraft:brick":4},"minecraft:killed_by":{"minecraft:player":1},"minecraft:killed":{"minecraft:armadillo":1,"minecraft:pig":8,"minecraft:iron_golem":1,"minecraft:creeper":1,"minecraft:skeleton":6,"minecraft:sheep":2,"minecraft:zombie":2,"minecraft:breeze":2,"minecraft:cow":14},"minecraft:custom":{"minecraft:interact_with_furnace":8,"minecraft:mob_kills":37,"minecraft:interact_with_crafting_table":16,"minecraft:open_barrel":7,"minecraft:leave_game":1,"minecraft:time_since_death":13613,"minecraft:sleep_in_bed":1,"minecraft:climb_one_cm":1590,"minecraft:time_since_rest":6521,"minecraft:sprint_one_cm":150807,"minecraft:damage_taken":1170,"minecraft:walk_one_cm":130570,"minecraft:damage_blocked_by_shield":135,"minecraft:drop":26,"minecraft:damage_dealt":5922,"minecraft:swim_one_cm":5308,"minecraft:talked_to_villager":2,"minecraft:fly_one_cm":157022,"minecraft:player_kills":5,"minecraft:open_chest":6,"minecraft:crouch_one_cm":5650,"minecraft:play_time":46900,"minecraft:deaths":1,"minecraft:sneak_time":3010,"minecraft:walk_under_water_one_cm":239,"minecraft:jump":873,"minecraft:walk_on_water_one_cm":6320,"minecraft:interact_with_smoker":12,"minecraft:total_world_time":46900,"minecraft:fall_one_cm":23054}},"DataVersion":3953}